﻿Created soap request:
<?xml version="1.0" encoding="utf-8"?><soapenv:Envelope xmlns:soapenv="http://schemas.xmlsoap.org/soap/envelope/" xmlns:xsd="http://www.w3.org/2001/XMLSchema" xmlns:xsi="http://www.w3.org/2001/XMLSchema-instance">
  <soapenv:Header>
    <wsse:Security xmlns:wsse="http://docs.oasis-open.org/wss/2004/01/oasis-200401-wss-wssecurity-secext-1.0.xsd">
      <wsse:UsernameToken>
        <wsse:Username>CommQASNP</wsse:Username>
        <wsse:Password>f9@Sj9f#v6eQds75$BEF8622</wsse:Password>
      </wsse:UsernameToken>
    </wsse:Security>
  </soapenv:Header>
  <soapenv:Body>
    <ns1:IssueFinancialServicesAgreementDocumentationRequest xmlns:ns1="http://www.ibm.com/ima/iaa/IAAXML">
      <requestHeader>
        <ns1:id>_testing</ns1:id>
        <ns1:cmdType>request</ns1:cmdType>
        <ns1:cmdMode>alwaysRespond</ns1:cmdMode>
        <ns1:echoBack>false</ns1:echoBack>
        <ns1:serviceContext>
          <keepAlive>false</keepAlive>
        </ns1:serviceContext>
      </requestHeader>
      <financialServicesAgreement xsi:type="ns1:InsurancePolicy">
        <ns1:rolesPlayed xsi:type="ns1:RoleInClaim">
          <ns1:rolePlayer xsi:type="ns1:ClaimFolder"></ns1:rolePlayer>
        </ns1:rolesPlayed>
        <ns1:endDate>2018-08-08</ns1:endDate>
        <ns1:startDate>2017-08-08</ns1:startDate>
        <ns1:contractRelationships>
          <ns1:relatedToContracts xsi:type="ns1:InsurancePolicy">
            <ns1:typeName>Application</ns1:typeName>
          </ns1:relatedToContracts>
          <ns1:relatedToContracts xsi:type="ns1:InsurancePolicy">
            <ns1:endDate>2018-08-08</ns1:endDate>
            <ns1:startDate>2017-08-08</ns1:startDate>
            <ns1:marketableProduct>
              <ns1:name>Workers' Comp</ns1:name>
            </ns1:marketableProduct>
            <ns1:rolesInInsurancePolicy xsi:type="ns1:RoleInInsurancePolicy">
              <ns1:rolePlayer xsi:type="ns1:AssessmentActivity">
                <ns1:assessmentResults xsi:type="ns1:FinancialValuation">
                  <ns1:typeName>Premium</ns1:typeName>
                  <ns1:financialValue>
                    <ns1:theCurrencyAmount>754</ns1:theCurrencyAmount>
                    <ns1:theCurrencyCode>USD</ns1:theCurrencyCode>
                  </ns1:financialValue>
                </ns1:assessmentResults>
              </ns1:rolePlayer>
              <ns1:scopedPlace>
                <ns1:abbreviation>PA</ns1:abbreviation>
                <ns1:administrativeLevel>State</ns1:administrativeLevel>
              </ns1:scopedPlace>
            </ns1:rolesInInsurancePolicy>
          </ns1:relatedToContracts>
        </ns1:contractRelationships>
        <ns1:moneyProvisions xsi:type="ns1:GenericMoneyProvision">
          <ns1:typeName>MoneyProvisions</ns1:typeName>
          <ns1:particularMoneyProvisions>
            <ns1:typeName>PolicyTotalPremium</ns1:typeName>
            <ns1:currencyAmount>
              <ns1:theCurrencyAmount>754</ns1:theCurrencyAmount>
              <ns1:theCurrencyCode>USD</ns1:theCurrencyCode>
            </ns1:currencyAmount>
          </ns1:particularMoneyProvisions>
          <ns1:particularMoneyProvisions>
            <ns1:typeName>PolicyDownPayment</ns1:typeName>
            <ns1:currencyAmount>
              <ns1:theCurrencyAmount>0</ns1:theCurrencyAmount>
              <ns1:theCurrencyCode>USD</ns1:theCurrencyCode>
            </ns1:currencyAmount>
          </ns1:particularMoneyProvisions>
        </ns1:moneyProvisions>
        <ns1:moneyProvisions xsi:type="ns1:GenericMoneyProvision">
          <ns1:typeName>Policy Total Annual Premium</ns1:typeName>
          <ns1:currencyAmount>
            <ns1:theCurrencyAmount>754</ns1:theCurrencyAmount>
            <ns1:theCurrencyCode>USD</ns1:theCurrencyCode>
          </ns1:currencyAmount>
        </ns1:moneyProvisions>
        <ns1:moneyProvisions xsi:type="ns1:GenericMoneyProvision">
          <ns1:typeName>MinimumPremium</ns1:typeName>
          <ns1:currencyAmount>
            <ns1:theCurrencyAmount>735</ns1:theCurrencyAmount>
            <ns1:theCurrencyCode>USD</ns1:theCurrencyCode>
          </ns1:currencyAmount>
        </ns1:moneyProvisions>
        <ns1:moneySchedulers xsi:type="ns1:MoneyInScheduler">
          <ns1:typeName>BillingPaymentPlan</ns1:typeName>
          <ns1:paymentPlan>A - Full payment</ns1:paymentPlan>
        </ns1:moneySchedulers>
        <ns1:raisedContractRequests xsi:type="ns1:ContractRequest">
          <ns1:typeName>Changes</ns1:typeName>
          <ns1:requestDate>2017-08-08</ns1:requestDate>
        </ns1:raisedContractRequests>
        <ns1:externalReference></ns1:externalReference>
        <ns1:policyCompany>Erie Insurance Exchange</ns1:policyCompany>
        <ns1:billingType>Single</ns1:billingType>
        <ns1:insurancePolicyComponents xsi:type="ns1:CoverageComponent">
          <ns1:typeName>EmployersLiability</ns1:typeName>
          <ns1:moneyProvisions xsi:type="ns1:GenericMoneyProvision">
            <ns1:typeName>PolicyEmpLiabLimit</ns1:typeName>
            <ns1:description>100/500/100</ns1:description>
          </ns1:moneyProvisions>
          <ns1:rolesInContractComponent xsi:type="ns1:ObjectCoveredRoleInInsurancePolicy">
            <ns1:coveredPercentage>0</ns1:coveredPercentage>
            <ns1:includedInCoverage xsi:type="ns1:Category">
              <ns1:name>OperationsOccupancy</ns1:name>
              <ns1:subCategories xsi:type="ns1:Category">
                <ns1:name>Air conditioning contractor</ns1:name>
              </ns1:subCategories>
            </ns1:includedInCoverage>
          </ns1:rolesInContractComponent>
          <ns1:blanket>false</ns1:blanket>
        </ns1:insurancePolicyComponents>
        <ns1:insurancePolicyComponents xsi:type="ns1:CoverageComponent">
          <ns1:typeName>Bodily Injury by Accident</ns1:typeName>
          <ns1:moneyProvisions xsi:type="ns1:GenericMoneyProvision">
            <ns1:typeName>PolicyELLAccident</ns1:typeName>
            <ns1:limits>
              <ns1:amount>
                <ns1:theCurrencyAmount>100000</ns1:theCurrencyAmount>
                <ns1:theCurrencyCode>USD</ns1:theCurrencyCode>
              </ns1:amount>
            </ns1:limits>
          </ns1:moneyProvisions>
          <ns1:blanket>false</ns1:blanket>
        </ns1:insurancePolicyComponents>
        <ns1:insurancePolicyComponents xsi:type="ns1:CoverageComponent">
          <ns1:typeName>Bodily Injury by Disease</ns1:typeName>
          <ns1:moneyProvisions xsi:type="ns1:GenericMoneyProvision">
            <ns1:typeName>PolicyELLDiseasePolicy</ns1:typeName>
            <ns1:limits>
              <ns1:amount>
                <ns1:theCurrencyAmount>500000</ns1:theCurrencyAmount>
                <ns1:theCurrencyCode>USD</ns1:theCurrencyCode>
              </ns1:amount>
            </ns1:limits>
          </ns1:moneyProvisions>
          <ns1:moneyProvisions xsi:type="ns1:GenericMoneyProvision">
            <ns1:typeName>PolicyELLDiseaseEmployee</ns1:typeName>
            <ns1:limits>
              <ns1:amount>
                <ns1:theCurrencyAmount>100000</ns1:theCurrencyAmount>
                <ns1:theCurrencyCode>USD</ns1:theCurrencyCode>
              </ns1:amount>
            </ns1:limits>
          </ns1:moneyProvisions>
          <ns1:blanket>false</ns1:blanket>
        </ns1:insurancePolicyComponents>
        <ns1:insurancePolicyAssessment xsi:type="ns1:Score">
          <ns1:categoryName>NonProfit</ns1:categoryName>
          <ns1:externalReference>No</ns1:externalReference>
        </ns1:insurancePolicyAssessment>
        <ns1:intermediaryAgreements>
          <ns1:channelRoles>
            <ns1:typeName>Broker</ns1:typeName>
            <ns1:rolePlayer xsi:type="ns1:Organisation">
              <ns1:partyNames xsi:type="ns1:UnstructuredName">
                <ns1:fullName>NORTHSHORE INSURANCE AGENCY</ns1:fullName>
              </ns1:partyNames>
              <ns1:partyContactPreferences>
                <ns1:purpose>BusinessMailing</ns1:purpose>
                <ns1:contactPoints xsi:type="ns1:ElectronicAddress">
                  <ns1:contactPointAsString>www.northshoreinsuranceagency.com</ns1:contactPointAsString>
                  <ns1:electronicType>Http Site</ns1:electronicType>
                </ns1:contactPoints>
                <ns1:contactPoints xsi:type="ns1:ElectronicAddress">
                  <ns1:contactPointAsString>jorth@nshoreins.com</ns1:contactPointAsString>
                  <ns1:electronicType>Internet Email</ns1:electronicType>
                </ns1:contactPoints>
                <ns1:contactPoints xsi:type="ns1:TelephoneNumber">
                  <ns1:typeName>Home</ns1:typeName>
                  <ns1:contactPointAsString></ns1:contactPointAsString>
                </ns1:contactPoints>
                <ns1:contactPoints xsi:type="ns1:TelephoneNumber">
                  <ns1:typeName>TollFreeNumber</ns1:typeName>
                  <ns1:contactPointAsString>8888388311</ns1:contactPointAsString>
                </ns1:contactPoints>
                <ns1:contactPoints xsi:type="ns1:TelephoneNumber">
                  <ns1:typeName>Fax</ns1:typeName>
                  <ns1:contactPointAsString>(814) 838-8327</ns1:contactPointAsString>
                </ns1:contactPoints>
                <ns1:contactPoints xsi:type="ns1:PostalAddress">
                  <ns1:city>ERIE</ns1:city>
                  <ns1:state>PA</ns1:state>
                  <ns1:addressLines>2340 W GRANDVIEW BLVD STE 3</ns1:addressLines>
                  <ns1:postalCode>16506-4588</ns1:postalCode>
                </ns1:contactPoints>
              </ns1:partyContactPreferences>
            </ns1:rolePlayer>
            <ns1:externalReference>AA1407</ns1:externalReference>
          </ns1:channelRoles>
        </ns1:intermediaryAgreements>
        <ns1:intermediaryAgreements>
          <ns1:channelRoles>
            <ns1:typeName>SubAgent</ns1:typeName>
            <ns1:rolePlayer xsi:type="ns1:Organisation">
              <ns1:partyNames xsi:type="ns1:UnstructuredName">
                <ns1:fullName>NORTHSHORE INSURANCE AGENCY</ns1:fullName>
              </ns1:partyNames>
            </ns1:rolePlayer>
            <ns1:externalReference>AA1407</ns1:externalReference>
          </ns1:channelRoles>
        </ns1:intermediaryAgreements>
        <ns1:marketableProduct>
          <ns1:name>Workers Compensation</ns1:name>
          <ns1:shortName>WC</ns1:shortName>
          <ns1:productGroup>
            <ns1:name>Commercial</ns1:name>
          </ns1:productGroup>
        </ns1:marketableProduct>
        <ns1:numberOfClaimsInPastFiveYears>0</ns1:numberOfClaimsInPastFiveYears>
        <ns1:objectsCoveredRoles>
          <ns1:objectReference>
            <ns1:objectId>PA</ns1:objectId>
          </ns1:objectReference>
          <ns1:moneyProvision xsi:type="ns1:GenericMoneyProvision">
            <ns1:typeName>MoneyProvisions</ns1:typeName>
            <ns1:deductible>
              <ns1:minimumAmount>
                <ns1:theCurrencyAmount>0</ns1:theCurrencyAmount>
                <ns1:theCurrencyCode>USD</ns1:theCurrencyCode>
              </ns1:minimumAmount>
              <ns1:typeName>ScheduleClaimDeductible</ns1:typeName>
            </ns1:deductible>
            <ns1:particularMoneyProvisions>
              <ns1:typeName>ScheduleStatePremium</ns1:typeName>
              <ns1:currencyAmount>
                <ns1:theCurrencyAmount>754</ns1:theCurrencyAmount>
                <ns1:theCurrencyCode>USD</ns1:theCurrencyCode>
              </ns1:currencyAmount>
            </ns1:particularMoneyProvisions>
            <ns1:particularMoneyProvisions>
              <ns1:typeName>ScheduleExpMod</ns1:typeName>
              <ns1:adjustments>
                <ns1:factor>0</ns1:factor>
                <ns1:reason>Large Premium Discount</ns1:reason>
              </ns1:adjustments>
            </ns1:particularMoneyProvisions>
            <ns1:particularMoneyProvisions>
              <ns1:typeName>ScheduleMeritRating</ns1:typeName>
              <ns1:adjustments>
                <ns1:factor>0</ns1:factor>
                <ns1:reason>Large Premium Discount</ns1:reason>
              </ns1:adjustments>
            </ns1:particularMoneyProvisions>
            <ns1:particularMoneyProvisions>
              <ns1:typeName>ScheduleContractorCredit</ns1:typeName>
              <ns1:adjustments>
                <ns1:reason>Large Premium Discount</ns1:reason>
              </ns1:adjustments>
            </ns1:particularMoneyProvisions>
          </ns1:moneyProvision>
          <ns1:scopedPlace>
            <ns1:abbreviation>PA</ns1:abbreviation>
            <ns1:administrativeLevel>State</ns1:administrativeLevel>
            <ns1:names>Pennsylvania</ns1:names>
            <ns1:rolesInPlace>
              <ns1:objectReference>
                <ns1:objectId>LocationNumber</ns1:objectId>
                <ns1:alternateIds>
                  <ns1:systemId>1</ns1:systemId>
                </ns1:alternateIds>
              </ns1:objectReference>
              <ns1:rolesPlayed xsi:type="ns1:ObjectCoveredRoleInInsurancePolicy">
                <ns1:includedInCoverage xsi:type="ns1:Category">
                  <ns1:name>PrimaryInd</ns1:name>
                  <ns1:subCategories xsi:type="ns1:Category">
                    <ns1:name>Yes</ns1:name>
                  </ns1:subCategories>
                </ns1:includedInCoverage>
              </ns1:rolesPlayed>
              <ns1:rolePlayer xsi:type="ns1:PostalAddress">
                <ns1:city>ERIE</ns1:city>
                <ns1:county>Erie</ns1:county>
                <ns1:state>PA</ns1:state>
                <ns1:addressLines>100 STATE ST</ns1:addressLines>
                <ns1:postalCode>16507-1452</ns1:postalCode>
              </ns1:rolePlayer>
            </ns1:rolesInPlace>
          </ns1:scopedPlace>
        </ns1:objectsCoveredRoles>
        <ns1:partiesInvolvedInInsurancePolicy xsi:type="ns1:Insured">
          <ns1:typeName>Insured</ns1:typeName>
          <ns1:roleType>INSURED</ns1:roleType>
          <ns1:party xsi:type="ns1:Organisation">
            <ns1:partyNames xsi:type="ns1:PersonName">
              <ns1:typeName>PolicyFullApplicantName</ns1:typeName>
              <ns1:firstName>Test_FETR0016683_2</ns1:firstName>
              <ns1:fullName>Test_FETR0016683_2</ns1:fullName>
            </ns1:partyNames>
            <ns1:partyNames xsi:type="ns1:PersonName">
              <ns1:typeName>PolicyFullBusinessName</ns1:typeName>
            </ns1:partyNames>
            <ns1:partyContactPreferences>
              <ns1:purpose>HomeMailing</ns1:purpose>
              <ns1:contactPoints xsi:type="ns1:ElectronicAddress">
                <ns1:electronicType>Web</ns1:electronicType>
              </ns1:contactPoints>
              <ns1:contactPoints xsi:type="ns1:TelephoneNumber">
                <ns1:typeName>Business</ns1:typeName>
                <ns1:contactPointAsString>(999) 999-9999</ns1:contactPointAsString>
              </ns1:contactPoints>
              <ns1:contactPoints xsi:type="ns1:PostalAddress">
                <ns1:city>ERIE</ns1:city>
                <ns1:state>PA</ns1:state>
                <ns1:addressLines>100 STATE ST</ns1:addressLines>
                <ns1:postalCode>16507-1452</ns1:postalCode>
              </ns1:contactPoints>
              <ns1:preferredContactPerson>
                <ns1:partyNames xsi:type="ns1:UnstructuredName"></ns1:partyNames>
              </ns1:preferredContactPerson>
              <ns1:rootType>
                <ns1:name>Business</ns1:name>
              </ns1:rootType>
            </ns1:partyContactPreferences>
            <ns1:externalReference>20798991016</ns1:externalReference>
            <ns1:partyRegistrations xsi:type="ns1:NationalRegistration">
              <ns1:typeName>PCRB</ns1:typeName>
            </ns1:partyRegistrations>
            <ns1:partyRegistrations xsi:type="ns1:NationalRegistration">
              <ns1:typeName>Federal ID</ns1:typeName>
              <ns1:externalReference>99-9999999</ns1:externalReference>
            </ns1:partyRegistrations>
            <ns1:foundationDate>2010-01-01</ns1:foundationDate>
            <ns1:numberOfEmployees>20</ns1:numberOfEmployees>
            <ns1:persons>
              <ns1:partyNames xsi:type="ns1:PersonName">
                <ns1:typeName>CalculatedName_2</ns1:typeName>
                <ns1:fullName>Test_FETR0016683_2</ns1:fullName>
              </ns1:partyNames>
            </ns1:persons>
          </ns1:party>
          <ns1:rootType>
            <ns1:name>MasterCompany</ns1:name>
          </ns1:rootType>
        </ns1:partiesInvolvedInInsurancePolicy>
        <ns1:partiesInvolvedInInsurancePolicy xsi:type="ns1:Insured">
          <ns1:party xsi:type="ns1:Company">
            <ns1:typeName>Corporation</ns1:typeName>
            <ns1:partyRoles xsi:type="ns1:Occupier">
              <ns1:generalActivities xsi:type="ns1:Industry">
                <ns1:rolesPlayed xsi:type="ns1:RoleInInsurancePolicy">
                  <ns1:moneyProvision xsi:type="ns1:GenericMoneyProvision">
                    <ns1:typeName>ScheduleExposure</ns1:typeName>
                    <ns1:currencyAmount>
                      <ns1:theCurrencyAmount>4000</ns1:theCurrencyAmount>
                      <ns1:theCurrencyCode>USD</ns1:theCurrencyCode>
                    </ns1:currencyAmount>
                  </ns1:moneyProvision>
                </ns1:rolesPlayed>
                <ns1:rolesPlayed xsi:type="ns1:RoleInInsurancePolicy">
                  <ns1:moneyProvision xsi:type="ns1:GenericMoneyProvision">
                    <ns1:typeName>SchedulePremium</ns1:typeName>
                    <ns1:currencyAmount>
                      <ns1:theCurrencyAmount>214</ns1:theCurrencyAmount>
                      <ns1:theCurrencyCode>USD</ns1:theCurrencyCode>
                    </ns1:currencyAmount>
                  </ns1:moneyProvision>
                </ns1:rolesPlayed>
                <ns1:rolesPlayed xsi:type="ns1:RoleInInsurancePolicy">
                  <ns1:moneyProvision xsi:type="ns1:GenericMoneyProvision">
                    <ns1:usedRates xsi:type="ns1:Rate">
                      <ns1:rate>5.35</ns1:rate>
                      <ns1:typeName>ScheduleRate</ns1:typeName>
                    </ns1:usedRates>
                  </ns1:moneyProvision>
                </ns1:rolesPlayed>
                <ns1:description>Air conditioning systems repair or service - cleaning, oiling or adjusting</ns1:description>
                <ns1:codeIssuer>Class Code</ns1:codeIssuer>
                <ns1:industryCode>0664</ns1:industryCode>
              </ns1:generalActivities>
              <ns1:generalActivities xsi:type="ns1:Industry">
                <ns1:rolesPlayed xsi:type="ns1:RoleInInsurancePolicy">
                  <ns1:moneyProvision xsi:type="ns1:GenericMoneyProvision">
                    <ns1:typeName>SchedulePremium</ns1:typeName>
                    <ns1:currencyAmount>
                      <ns1:theCurrencyAmount>0</ns1:theCurrencyAmount>
                      <ns1:theCurrencyCode>USD</ns1:theCurrencyCode>
                    </ns1:currencyAmount>
                  </ns1:moneyProvision>
                </ns1:rolesPlayed>
                <ns1:description>100/500/100 limits of liability</ns1:description>
                <ns1:codeIssuer>Class Code</ns1:codeIssuer>
                <ns1:industryCode>9845</ns1:industryCode>
              </ns1:generalActivities>
              <ns1:generalActivities xsi:type="ns1:Industry">
                <ns1:rolesPlayed xsi:type="ns1:RoleInInsurancePolicy">
                  <ns1:moneyProvision xsi:type="ns1:GenericMoneyProvision">
                    <ns1:typeName>SchedulePremium</ns1:typeName>
                    <ns1:currencyAmount>
                      <ns1:theCurrencyAmount>200</ns1:theCurrencyAmount>
                      <ns1:theCurrencyCode>USD</ns1:theCurrencyCode>
                    </ns1:currencyAmount>
                  </ns1:moneyProvision>
                </ns1:rolesPlayed>
                <ns1:description>Expense constant</ns1:description>
                <ns1:codeIssuer>Class Code</ns1:codeIssuer>
                <ns1:industryCode>0900</ns1:industryCode>
              </ns1:generalActivities>
              <ns1:generalActivities xsi:type="ns1:Industry">
                <ns1:rolesPlayed xsi:type="ns1:RoleInInsurancePolicy">
                  <ns1:moneyProvision xsi:type="ns1:GenericMoneyProvision">
                    <ns1:typeName>SchedulePremium</ns1:typeName>
                    <ns1:currencyAmount>
                      <ns1:theCurrencyAmount>321</ns1:theCurrencyAmount>
                      <ns1:theCurrencyCode>USD</ns1:theCurrencyCode>
                    </ns1:currencyAmount>
                  </ns1:moneyProvision>
                </ns1:rolesPlayed>
                <ns1:description>Amount to satisfy policy min premium</ns1:description>
                <ns1:codeIssuer>Class Code</ns1:codeIssuer>
                <ns1:industryCode>0990</ns1:industryCode>
              </ns1:generalActivities>
              <ns1:generalActivities xsi:type="ns1:Industry">
                <ns1:rolesPlayed xsi:type="ns1:RoleInInsurancePolicy">
                  <ns1:moneyProvision xsi:type="ns1:GenericMoneyProvision">
                    <ns1:typeName>SchedulePremium</ns1:typeName>
                    <ns1:currencyAmount>
                      <ns1:theCurrencyAmount>1</ns1:theCurrencyAmount>
                      <ns1:theCurrencyCode>USD</ns1:theCurrencyCode>
                    </ns1:currencyAmount>
                  </ns1:moneyProvision>
                </ns1:rolesPlayed>
                <ns1:rolesPlayed xsi:type="ns1:RoleInInsurancePolicy">
                  <ns1:moneyProvision xsi:type="ns1:GenericMoneyProvision">
                    <ns1:usedRates xsi:type="ns1:Rate">
                      <ns1:rate>0.033</ns1:rate>
                      <ns1:typeName>ScheduleRate</ns1:typeName>
                    </ns1:usedRates>
                  </ns1:moneyProvision>
                </ns1:rolesPlayed>
                <ns1:description>Terrorism</ns1:description>
                <ns1:codeIssuer>Class Code</ns1:codeIssuer>
                <ns1:industryCode>9740</ns1:industryCode>
              </ns1:generalActivities>
              <ns1:generalActivities xsi:type="ns1:Industry">
                <ns1:rolesPlayed xsi:type="ns1:RoleInInsurancePolicy">
                  <ns1:moneyProvision xsi:type="ns1:GenericMoneyProvision">
                    <ns1:typeName>SchedulePremium</ns1:typeName>
                    <ns1:currencyAmount>
                      <ns1:theCurrencyAmount>1</ns1:theCurrencyAmount>
                      <ns1:theCurrencyCode>USD</ns1:theCurrencyCode>
                    </ns1:currencyAmount>
                  </ns1:moneyProvision>
                </ns1:rolesPlayed>
                <ns1:rolesPlayed xsi:type="ns1:RoleInInsurancePolicy">
                  <ns1:moneyProvision xsi:type="ns1:GenericMoneyProvision">
                    <ns1:usedRates xsi:type="ns1:Rate">
                      <ns1:rate>0.02</ns1:rate>
                      <ns1:typeName>ScheduleRate</ns1:typeName>
                    </ns1:usedRates>
                  </ns1:moneyProvision>
                </ns1:rolesPlayed>
                <ns1:description>Catastrophe (other than certified acts of terrorism)</ns1:description>
                <ns1:codeIssuer>Class Code</ns1:codeIssuer>
                <ns1:industryCode>9741</ns1:industryCode>
              </ns1:generalActivities>
              <ns1:generalActivities xsi:type="ns1:Industry">
                <ns1:rolesPlayed xsi:type="ns1:RoleInInsurancePolicy">
                  <ns1:moneyProvision xsi:type="ns1:GenericMoneyProvision">
                    <ns1:typeName>SchedulePremium</ns1:typeName>
                    <ns1:currencyAmount>
                      <ns1:theCurrencyAmount>17</ns1:theCurrencyAmount>
                      <ns1:theCurrencyCode>USD</ns1:theCurrencyCode>
                    </ns1:currencyAmount>
                  </ns1:moneyProvision>
                </ns1:rolesPlayed>
                <ns1:rolesPlayed xsi:type="ns1:RoleInInsurancePolicy">
                  <ns1:moneyProvision xsi:type="ns1:GenericMoneyProvision">
                    <ns1:usedRates xsi:type="ns1:Rate">
                      <ns1:rate>0.0232</ns1:rate>
                      <ns1:typeName>ScheduleRate</ns1:typeName>
                    </ns1:usedRates>
                  </ns1:moneyProvision>
                </ns1:rolesPlayed>
                <ns1:description>Pa employer assessment</ns1:description>
                <ns1:codeIssuer>Class Code</ns1:codeIssuer>
                <ns1:industryCode>0938</ns1:industryCode>
              </ns1:generalActivities>
              <ns1:structure xsi:type="ns1:Structure">
                <ns1:objectReference>
                  <ns1:objectId>PA</ns1:objectId>
                </ns1:objectReference>
              </ns1:structure>
            </ns1:partyRoles>
            <ns1:numberOfEmployees>0</ns1:numberOfEmployees>
          </ns1:party>
        </ns1:partiesInvolvedInInsurancePolicy>
        <ns1:rolesInInsurancePolicy xsi:type="ns1:RoleInInsurancePolicy">
          <ns1:dynamicProperties>
            <ns1:kind>PolicyEriePaySenseInd</ns1:kind>
            <ns1:theValue>No</ns1:theValue>
          </ns1:dynamicProperties>
          <ns1:dynamicProperties>
            <ns1:kind>PolicyVehiclesTitledInd</ns1:kind>
            <ns1:theValue>No</ns1:theValue>
          </ns1:dynamicProperties>
          <ns1:rolePlayer xsi:type="ns1:Communication">
            <ns1:communicationContents xsi:type="ns1:AskedQuestion">
              <ns1:objectReference>
                <ns1:componentId>Underwriting Questions</ns1:componentId>
                <ns1:objectId>Do any employees have any out of state exposure, outside of 3A?</ns1:objectId>
              </ns1:objectReference>
              <ns1:answer>
                <ns1:description>No</ns1:description>
              </ns1:answer>
            </ns1:communicationContents>
            <ns1:communicationContents xsi:type="ns1:AskedQuestion">
              <ns1:objectReference>
                <ns1:componentId>Underwriting Questions</ns1:componentId>
                <ns1:objectId>Has the Applicant or any partner, corporate officer, member or director ever been convicted or otherwise found guilty of a crime (Excluding offenses committed while a juvenile or sealed by court order)?</ns1:objectId>
              </ns1:objectReference>
              <ns1:answer>
                <ns1:description>No</ns1:description>
              </ns1:answer>
            </ns1:communicationContents>
            <ns1:communicationContents xsi:type="ns1:AskedQuestion">
              <ns1:objectReference>
                <ns1:componentId>Underwriting Questions</ns1:componentId>
                <ns1:objectId>Has the Applicant filed for bankruptcy in the past 5 years?</ns1:objectId>
              </ns1:objectReference>
              <ns1:answer>
                <ns1:description>No</ns1:description>
              </ns1:answer>
            </ns1:communicationContents>
            <ns1:communicationContents xsi:type="ns1:AskedQuestion">
              <ns1:objectReference>
                <ns1:componentId>Underwriting Questions</ns1:componentId>
                <ns1:objectId>Do employees or Applicant own or operate any aircraft or watercraft?</ns1:objectId>
              </ns1:objectReference>
              <ns1:answer>
                <ns1:description>No</ns1:description>
              </ns1:answer>
            </ns1:communicationContents>
            <ns1:communicationContents xsi:type="ns1:AskedQuestion">
              <ns1:objectReference>
                <ns1:componentId>Underwriting Questions</ns1:componentId>
                <ns1:objectId>Are employees exposed under U.S. Longshoremen's and Harborworkers' Act of the Federal Employee's Liability Act?</ns1:objectId>
              </ns1:objectReference>
              <ns1:answer>
                <ns1:description>No</ns1:description>
              </ns1:answer>
            </ns1:communicationContents>
            <ns1:communicationContents xsi:type="ns1:AskedQuestion">
              <ns1:objectReference>
                <ns1:componentId>Underwriting Questions</ns1:componentId>
                <ns1:objectId>Is there any donated, temporary or volunteer labor?</ns1:objectId>
              </ns1:objectReference>
              <ns1:answer>
                <ns1:description>No</ns1:description>
              </ns1:answer>
              <ns1:selectedAnswers>
                <ns1:categoryName>Donated labor</ns1:categoryName>
                <ns1:description>No</ns1:description>
              </ns1:selectedAnswers>
              <ns1:selectedAnswers>
                <ns1:categoryName>Temporary labor</ns1:categoryName>
                <ns1:description>No</ns1:description>
              </ns1:selectedAnswers>
              <ns1:selectedAnswers>
                <ns1:categoryName>Volunteer labor</ns1:categoryName>
                <ns1:description>No</ns1:description>
              </ns1:selectedAnswers>
            </ns1:communicationContents>
            <ns1:communicationContents xsi:type="ns1:AskedQuestion">
              <ns1:description>test</ns1:description>
            </ns1:communicationContents>
            <ns1:communicationContents xsi:type="ns1:AskedQuestion">
              <ns1:categoryName>Contracting</ns1:categoryName>
              <ns1:typeName>HVAC</ns1:typeName>
              <ns1:rolesInCommunicationContent>
                <ns1:objectReference>
                  <ns1:componentId>Supplemental Underwriting Questions</ns1:componentId>
                  <ns1:objectId>In the past two years, what percentage of the Applicant's work has been residential?</ns1:objectId>
                </ns1:objectReference>
                <ns1:notes>
                  <ns1:objectReference>
                    <ns1:objectId>Percentage</ns1:objectId>
                  </ns1:objectReference>
                  <ns1:text>30</ns1:text>
                </ns1:notes>
              </ns1:rolesInCommunicationContent>
              <ns1:rolesInCommunicationContent>
                <ns1:objectReference>
                  <ns1:componentId>Supplemental Underwriting Questions</ns1:componentId>
                  <ns1:objectId>Does the Applicant engage in radon mitigation?</ns1:objectId>
                </ns1:objectReference>
                <ns1:notes>
                  <ns1:objectReference>
                    <ns1:objectId>Boolean</ns1:objectId>
                  </ns1:objectReference>
                  <ns1:text>No</ns1:text>
                </ns1:notes>
              </ns1:rolesInCommunicationContent>
            </ns1:communicationContents>
            <ns1:communicationContents xsi:type="ns1:AskedQuestion">
              <ns1:categoryName>Contracting</ns1:categoryName>
              <ns1:typeName>Plumbing</ns1:typeName>
              <ns1:rolesInCommunicationContent>
                <ns1:objectReference>
                  <ns1:componentId>Supplemental Underwriting Questions</ns1:componentId>
                  <ns1:objectId>Does the Applicant engage in refrigeration?</ns1:objectId>
                </ns1:objectReference>
                <ns1:notes>
                  <ns1:objectReference>
                    <ns1:objectId>Boolean</ns1:objectId>
                  </ns1:objectReference>
                  <ns1:text>No</ns1:text>
                </ns1:notes>
              </ns1:rolesInCommunicationContent>
              <ns1:rolesInCommunicationContent>
                <ns1:objectReference>
                  <ns1:componentId>Supplemental Underwriting Questions</ns1:componentId>
                  <ns1:objectId>Does the Applicant engage in installation of solar water heaters?</ns1:objectId>
                </ns1:objectReference>
                <ns1:notes>
                  <ns1:objectReference>
                    <ns1:objectId>Boolean</ns1:objectId>
                  </ns1:objectReference>
                  <ns1:text>No</ns1:text>
                </ns1:notes>
              </ns1:rolesInCommunicationContent>
            </ns1:communicationContents>
            <ns1:communicationContents xsi:type="ns1:AskedQuestion">
              <ns1:categoryName>Contracting</ns1:categoryName>
              <ns1:typeName></ns1:typeName>
              <ns1:rolesInCommunicationContent>
                <ns1:objectReference>
                  <ns1:componentId>Supplemental Underwriting Questions</ns1:componentId>
                  <ns1:objectId>Does the organization have a formal accident investigation procedure in place?</ns1:objectId>
                </ns1:objectReference>
                <ns1:notes>
                  <ns1:objectReference>
                    <ns1:objectId>Boolean</ns1:objectId>
                  </ns1:objectReference>
                  <ns1:text>No</ns1:text>
                </ns1:notes>
              </ns1:rolesInCommunicationContent>
              <ns1:rolesInCommunicationContent>
                <ns1:objectReference>
                  <ns1:componentId>Supplemental Underwriting Questions</ns1:componentId>
                  <ns1:objectId>Has the organization had any OSHA citations in the last 5 years?</ns1:objectId>
                </ns1:objectReference>
                <ns1:notes>
                  <ns1:objectReference>
                    <ns1:objectId>Boolean</ns1:objectId>
                  </ns1:objectReference>
                  <ns1:text>No</ns1:text>
                </ns1:notes>
              </ns1:rolesInCommunicationContent>
              <ns1:rolesInCommunicationContent>
                <ns1:objectReference>
                  <ns1:componentId>Supplemental Underwriting Questions</ns1:componentId>
                  <ns1:objectId>Does the organization offer an Early Return-to-Work/Light Duty program?</ns1:objectId>
                </ns1:objectReference>
                <ns1:notes>
                  <ns1:objectReference>
                    <ns1:objectId>Boolean</ns1:objectId>
                  </ns1:objectReference>
                  <ns1:text>No</ns1:text>
                </ns1:notes>
              </ns1:rolesInCommunicationContent>
              <ns1:rolesInCommunicationContent>
                <ns1:objectReference>
                  <ns1:componentId>Supplemental Underwriting Questions</ns1:componentId>
                  <ns1:objectId>In the past two years, what percentage of the organization's work has been Residential:</ns1:objectId>
                </ns1:objectReference>
                <ns1:notes>
                  <ns1:objectReference>
                    <ns1:objectId>Percentage</ns1:objectId>
                  </ns1:objectReference>
                  <ns1:text>30</ns1:text>
                </ns1:notes>
              </ns1:rolesInCommunicationContent>
              <ns1:rolesInCommunicationContent>
                <ns1:objectReference>
                  <ns1:componentId>Supplemental Underwriting Questions</ns1:componentId>
                  <ns1:objectId>Commercial:</ns1:objectId>
                </ns1:objectReference>
                <ns1:notes>
                  <ns1:objectReference>
                    <ns1:objectId>Percentage</ns1:objectId>
                  </ns1:objectReference>
                  <ns1:text>40</ns1:text>
                </ns1:notes>
              </ns1:rolesInCommunicationContent>
              <ns1:rolesInCommunicationContent>
                <ns1:objectReference>
                  <ns1:componentId>Supplemental Underwriting Questions</ns1:componentId>
                  <ns1:objectId>Does the organization perform any of the operations below?  (Check all that apply.)</ns1:objectId>
                </ns1:objectReference>
                <ns1:notes>
                  <ns1:objectReference>
                    <ns1:objectId>Boolean</ns1:objectId>
                  </ns1:objectReference>
                </ns1:notes>
              </ns1:rolesInCommunicationContent>
              <ns1:rolesInCommunicationContent>
                <ns1:objectReference>
                  <ns1:componentId>Supplemental Underwriting Questions</ns1:componentId>
                  <ns1:objectId>Tree Trimming</ns1:objectId>
                </ns1:objectReference>
                <ns1:notes>
                  <ns1:objectReference>
                    <ns1:objectId>Boolean</ns1:objectId>
                  </ns1:objectReference>
                  <ns1:text>No</ns1:text>
                </ns1:notes>
              </ns1:rolesInCommunicationContent>
              <ns1:rolesInCommunicationContent>
                <ns1:objectReference>
                  <ns1:componentId>Supplemental Underwriting Questions</ns1:componentId>
                  <ns1:objectId>Iron Steel Erection</ns1:objectId>
                </ns1:objectReference>
                <ns1:notes>
                  <ns1:objectReference>
                    <ns1:objectId>Boolean</ns1:objectId>
                  </ns1:objectReference>
                  <ns1:text>Yes</ns1:text>
                </ns1:notes>
              </ns1:rolesInCommunicationContent>
              <ns1:rolesInCommunicationContent>
                <ns1:objectReference>
                  <ns1:componentId>Supplemental Underwriting Questions</ns1:componentId>
                  <ns1:objectId>EIFS (Exterior Insulation &amp; Finish Systems)</ns1:objectId>
                </ns1:objectReference>
                <ns1:notes>
                  <ns1:objectReference>
                    <ns1:objectId>Boolean</ns1:objectId>
                  </ns1:objectReference>
                  <ns1:text>Yes</ns1:text>
                </ns1:notes>
              </ns1:rolesInCommunicationContent>
              <ns1:rolesInCommunicationContent>
                <ns1:objectReference>
                  <ns1:componentId>Supplemental Underwriting Questions</ns1:componentId>
                  <ns1:objectId>Roofing</ns1:objectId>
                </ns1:objectReference>
                <ns1:notes>
                  <ns1:objectReference>
                    <ns1:objectId>Boolean</ns1:objectId>
                  </ns1:objectReference>
                  <ns1:text>No</ns1:text>
                </ns1:notes>
              </ns1:rolesInCommunicationContent>
              <ns1:rolesInCommunicationContent>
                <ns1:objectReference>
                  <ns1:componentId>Supplemental Underwriting Questions</ns1:componentId>
                  <ns1:objectId>Blasting Demolition</ns1:objectId>
                </ns1:objectReference>
                <ns1:notes>
                  <ns1:objectReference>
                    <ns1:objectId>Boolean</ns1:objectId>
                  </ns1:objectReference>
                  <ns1:text>No</ns1:text>
                </ns1:notes>
              </ns1:rolesInCommunicationContent>
              <ns1:rolesInCommunicationContent>
                <ns1:objectReference>
                  <ns1:componentId>Supplemental Underwriting Questions</ns1:componentId>
                  <ns1:objectId>Hazardous Material Handling</ns1:objectId>
                </ns1:objectReference>
                <ns1:notes>
                  <ns1:objectReference>
                    <ns1:objectId>Boolean</ns1:objectId>
                  </ns1:objectReference>
                  <ns1:text>Yes</ns1:text>
                </ns1:notes>
              </ns1:rolesInCommunicationContent>
              <ns1:rolesInCommunicationContent>
                <ns1:objectReference>
                  <ns1:componentId>Supplemental Underwriting Questions</ns1:componentId>
                  <ns1:objectId>Asbestos Removal</ns1:objectId>
                </ns1:objectReference>
                <ns1:notes>
                  <ns1:objectReference>
                    <ns1:objectId>Boolean</ns1:objectId>
                  </ns1:objectReference>
                  <ns1:text>No</ns1:text>
                </ns1:notes>
              </ns1:rolesInCommunicationContent>
              <ns1:rolesInCommunicationContent>
                <ns1:objectReference>
                  <ns1:componentId>Supplemental Underwriting Questions</ns1:componentId>
                  <ns1:objectId>Lead Abatement</ns1:objectId>
                </ns1:objectReference>
                <ns1:notes>
                  <ns1:objectReference>
                    <ns1:objectId>Boolean</ns1:objectId>
                  </ns1:objectReference>
                  <ns1:text>No</ns1:text>
                </ns1:notes>
              </ns1:rolesInCommunicationContent>
              <ns1:rolesInCommunicationContent>
                <ns1:objectReference>
                  <ns1:componentId>Supplemental Underwriting Questions</ns1:componentId>
                  <ns1:objectId>Mold Remediation</ns1:objectId>
                </ns1:objectReference>
                <ns1:notes>
                  <ns1:objectReference>
                    <ns1:objectId>Boolean</ns1:objectId>
                  </ns1:objectReference>
                  <ns1:text>No</ns1:text>
                </ns1:notes>
              </ns1:rolesInCommunicationContent>
              <ns1:rolesInCommunicationContent>
                <ns1:objectReference>
                  <ns1:componentId>Supplemental Underwriting Questions</ns1:componentId>
                  <ns1:objectId>Fire Restoration</ns1:objectId>
                </ns1:objectReference>
                <ns1:notes>
                  <ns1:objectReference>
                    <ns1:objectId>Boolean</ns1:objectId>
                  </ns1:objectReference>
                  <ns1:text>No</ns1:text>
                </ns1:notes>
              </ns1:rolesInCommunicationContent>
              <ns1:rolesInCommunicationContent>
                <ns1:objectReference>
                  <ns1:componentId>Supplemental Underwriting Questions</ns1:componentId>
                  <ns1:objectId>Does the Applicant hire subcontractors?</ns1:objectId>
                </ns1:objectReference>
                <ns1:notes>
                  <ns1:objectReference>
                    <ns1:objectId>Boolean</ns1:objectId>
                  </ns1:objectReference>
                  <ns1:text>No</ns1:text>
                </ns1:notes>
              </ns1:rolesInCommunicationContent>
              <ns1:rolesInCommunicationContent>
                <ns1:objectReference>
                  <ns1:componentId>Supplemental Underwriting Questions</ns1:componentId>
                  <ns1:objectId>Describe the type of work you performed within the past year and/or five jobs:</ns1:objectId>
                </ns1:objectReference>
                <ns1:notes>
                  <ns1:objectReference>
                    <ns1:objectId>String</ns1:objectId>
                  </ns1:objectReference>
                  <ns1:text>TEXT TEXT TEXT TEXT TEXT TEXT TEXT TEXT TEXT TEXT TEXT TEXT TEXT TEXT TEXT TEXT TEXT TEXT TEXT TEXT</ns1:text>
                </ns1:notes>
              </ns1:rolesInCommunicationContent>
              <ns1:rolesInCommunicationContent>
                <ns1:objectReference>
                  <ns1:componentId>Supplemental Underwriting Questions</ns1:componentId>
                  <ns1:objectId>Does the organization perform ANY work 6 feet or higher?</ns1:objectId>
                </ns1:objectReference>
                <ns1:notes>
                  <ns1:objectReference>
                    <ns1:objectId>Boolean</ns1:objectId>
                  </ns1:objectReference>
                  <ns1:text>Yes</ns1:text>
                </ns1:notes>
              </ns1:rolesInCommunicationContent>
              <ns1:rolesInCommunicationContent>
                <ns1:objectReference>
                  <ns1:componentId>Supplemental Underwriting Questions</ns1:componentId>
                  <ns1:objectId>If "Yes", please describe:</ns1:objectId>
                </ns1:objectReference>
                <ns1:notes>
                  <ns1:objectReference>
                    <ns1:objectId>String</ns1:objectId>
                  </ns1:objectReference>
                  <ns1:text>test</ns1:text>
                </ns1:notes>
              </ns1:rolesInCommunicationContent>
              <ns1:rolesInCommunicationContent>
                <ns1:objectReference>
                  <ns1:componentId>Supplemental Underwriting Questions</ns1:componentId>
                  <ns1:objectId>Does the organization have a written Fall Protection plan?</ns1:objectId>
                </ns1:objectReference>
                <ns1:notes>
                  <ns1:objectReference>
                    <ns1:objectId>Boolean</ns1:objectId>
                  </ns1:objectReference>
                  <ns1:text>No</ns1:text>
                </ns1:notes>
              </ns1:rolesInCommunicationContent>
              <ns1:rolesInCommunicationContent>
                <ns1:objectReference>
                  <ns1:componentId>Supplemental Underwriting Questions</ns1:componentId>
                  <ns1:objectId>Are new employees trained on the use of Fall Protection equipment prior to starting at a job site?</ns1:objectId>
                </ns1:objectReference>
                <ns1:notes>
                  <ns1:objectReference>
                    <ns1:objectId>Boolean</ns1:objectId>
                  </ns1:objectReference>
                  <ns1:text>No</ns1:text>
                </ns1:notes>
              </ns1:rolesInCommunicationContent>
              <ns1:rolesInCommunicationContent>
                <ns1:objectReference>
                  <ns1:componentId>Supplemental Underwriting Questions</ns1:componentId>
                  <ns1:objectId>Is annual Fall Protection training conducted for all employees?</ns1:objectId>
                </ns1:objectReference>
                <ns1:notes>
                  <ns1:objectReference>
                    <ns1:objectId>Boolean</ns1:objectId>
                  </ns1:objectReference>
                  <ns1:text>No</ns1:text>
                </ns1:notes>
              </ns1:rolesInCommunicationContent>
              <ns1:rolesInCommunicationContent>
                <ns1:objectReference>
                  <ns1:componentId>Supplemental Underwriting Questions</ns1:componentId>
                  <ns1:objectId>Number of Full Body Harnesses you own</ns1:objectId>
                </ns1:objectReference>
                <ns1:notes>
                  <ns1:objectReference>
                    <ns1:objectId>Integer</ns1:objectId>
                  </ns1:objectReference>
                  <ns1:text>200</ns1:text>
                </ns1:notes>
              </ns1:rolesInCommunicationContent>
              <ns1:rolesInCommunicationContent>
                <ns1:objectReference>
                  <ns1:componentId>Supplemental Underwriting Questions</ns1:componentId>
                  <ns1:objectId>Do you use Safety Net Systems?</ns1:objectId>
                </ns1:objectReference>
                <ns1:notes>
                  <ns1:objectReference>
                    <ns1:objectId>Boolean</ns1:objectId>
                  </ns1:objectReference>
                  <ns1:text>Yes</ns1:text>
                </ns1:notes>
              </ns1:rolesInCommunicationContent>
              <ns1:rolesInCommunicationContent>
                <ns1:objectReference>
                  <ns1:componentId>Supplemental Underwriting Questions</ns1:componentId>
                  <ns1:objectId>Does the organization use</ns1:objectId>
                </ns1:objectReference>
                <ns1:notes>
                  <ns1:objectReference></ns1:objectReference>
                </ns1:notes>
              </ns1:rolesInCommunicationContent>
              <ns1:rolesInCommunicationContent>
                <ns1:objectReference>
                  <ns1:componentId>Supplemental Underwriting Questions</ns1:componentId>
                  <ns1:objectId>Ladders</ns1:objectId>
                </ns1:objectReference>
                <ns1:notes>
                  <ns1:objectReference>
                    <ns1:objectId>Boolean</ns1:objectId>
                  </ns1:objectReference>
                  <ns1:text>Yes</ns1:text>
                </ns1:notes>
              </ns1:rolesInCommunicationContent>
              <ns1:rolesInCommunicationContent>
                <ns1:objectReference>
                  <ns1:componentId>Supplemental Underwriting Questions</ns1:componentId>
                  <ns1:objectId>Scaffolds</ns1:objectId>
                </ns1:objectReference>
                <ns1:notes>
                  <ns1:objectReference>
                    <ns1:objectId>Boolean</ns1:objectId>
                  </ns1:objectReference>
                  <ns1:text>Yes</ns1:text>
                </ns1:notes>
              </ns1:rolesInCommunicationContent>
              <ns1:rolesInCommunicationContent>
                <ns1:objectReference>
                  <ns1:componentId>Supplemental Underwriting Questions</ns1:componentId>
                  <ns1:objectId>Personnel Hoists</ns1:objectId>
                </ns1:objectReference>
                <ns1:notes>
                  <ns1:objectReference>
                    <ns1:objectId>Boolean</ns1:objectId>
                  </ns1:objectReference>
                  <ns1:text>Yes</ns1:text>
                </ns1:notes>
              </ns1:rolesInCommunicationContent>
              <ns1:rolesInCommunicationContent>
                <ns1:objectReference>
                  <ns1:componentId>Supplemental Underwriting Questions</ns1:componentId>
                  <ns1:objectId>Scissor Lifts</ns1:objectId>
                </ns1:objectReference>
                <ns1:notes>
                  <ns1:objectReference>
                    <ns1:objectId>Boolean</ns1:objectId>
                  </ns1:objectReference>
                  <ns1:text>No</ns1:text>
                </ns1:notes>
              </ns1:rolesInCommunicationContent>
            </ns1:communicationContents>
            <ns1:communicationContents xsi:type="ns1:AskedQuestion">
              <ns1:name>StaticForm</ns1:name>
            </ns1:communicationContents>
            <ns1:communicationContents xsi:type="ns1:SpecifiedContent">
              <ns1:typeName>ReturnUserId</ns1:typeName>
              <ns1:date>2017-08-10</ns1:date>
              <ns1:name>Application</ns1:name>
              <ns1:documents xsi:type="ns1:ElectronicDocument">
                <ns1:electronicStorageLocation>No</ns1:electronicStorageLocation>
              </ns1:documents>
              <ns1:documents xsi:type="ns1:GeneratedDocument">
                <ns1:externalReference>0eaaa072-463f-4c45-9a2d-61f5732da917</ns1:externalReference>
                <ns1:startDate>2017-08-10</ns1:startDate>
              </ns1:documents>
              <ns1:rolesInCommunicationContent>
                <ns1:categoryName>PDF</ns1:categoryName>
                <ns1:typeName>Preapplication</ns1:typeName>
                <ns1:dynamicProperties>
                  <ns1:kind>SpecialHandling</ns1:kind>
                  <ns1:theValue>No</ns1:theValue>
                </ns1:dynamicProperties>
                <ns1:dynamicProperties>
                  <ns1:kind>PolicyProductVersion</ns1:kind>
                  <ns1:theValue>R0400</ns1:theValue>
                </ns1:dynamicProperties>
                <ns1:roleType>INSURED</ns1:roleType>
              </ns1:rolesInCommunicationContent>
              <ns1:triggeringEventName>CA0061</ns1:triggeringEventName>
            </ns1:communicationContents>
          </ns1:rolePlayer>
        </ns1:rolesInInsurancePolicy>
        <ns1:sourceSystem>CMQ</ns1:sourceSystem>
        <ns1:status>
          <ns1:modifiedDate>2017-08-10</ns1:modifiedDate>
        </ns1:status>
      </financialServicesAgreement>
    </ns1:IssueFinancialServicesAgreementDocumentationRequest>
  </soapenv:Body>
</soapenv:Envelope>